drug_type,supply_year,NSW,VIC,QLD,WA,SA,TAS,ACT,NT
benzo,2013,13.20917,18.83048,17.12221,12.53055,19.20282,23.50928,9.645491,3.561354
benzo,2014,12.24665,16.36065,16.20717,11.43038,17.13755,21.70334,9.391866,3.499312
benzo,2015,11.55111,15.21475,15.63339,10.96701,15.95064,20.30671,8.55211,3.169411
benzo,2016,10.91388,14.26538,15.00969,10.6963,15.05808,19.56968,8.598115,3.032914
opioid,2013,15.26222,15.13913,18.48533,16.41683,22.70008,27.37418,14.09485,7.561424
opioid,2014,15.38232,15.02371,18.72404,16.49077,23.35788,28.13979,5373.451,7.68947
opioid,2015,15.19832,14.82229,18.76142,16.10046,23.44364,27.63701,13.92455,7.686019
opioid,2016,14.46547,14.11048,18.13435,15.80172,23.26223,27.75062,13.11594,7.140959
